"","male","date","temp_target","round","total_songs","motif_count","total_duration","total_motifs","average_motif","average_duration","chamber","temp_mean","temp_median","humidity_mean"
"1","T229",2022-02-13,44,1,0,0,0,0,0,0,6,45.84946,46,9.263441
"2","T229",2022-02-15,42,1,7,24,26,22,3.14285714285714,3.71428571428571,6,42.28226,42.5,9.849462
"3","T229",2022-02-17,40,1,28,114,103,85,3.03571428571429,3.67857142857143,6,40.65323,40.5,18.33065
"4","T229",2022-02-19,27,1,51,198,177,159,3.11764705882353,3.47058823529412,6,26.2043,26,19
"5","T229",2022-02-21,35,1,83,315,254,227,2.73493975903614,3.06024096385542,6,34.90591,35,14.14247
"6","T229",2022-05-05,40,3,20,95,74,62,3.1,3.7,6,39.19399,40,24.0847
"7","T229",2022-05-07,40,3,48,158,170,148,3.08333333333333,3.54166666666667,6,39.88934,40,22.70355
"8","T229",2022-05-09,40,3,85,321,297,262,3.08235294117647,3.49411764705882,6,38.80191,40,23.50956
"9","T229",2022-06-24,40,2,29,105,98,75,2.58620689655172,3.37931034482759,5,39.8807947,41,24.37030905
"10","T229",2022-06-26,35,2,7,133,36,28,4,5.14285714285714,5,36.082781,37,30.74337748
"11","T229",2022-06-28,44,2,17,66,59,47,2.76470588235294,3.47058823529412,5,43.239514,45,21.88300221
"12","T229",2022-06-30,42,2,29,101,100,79,2.72413793103448,3.44827586206897,5,41.7671082,43.5,23.3200883
"13","T229",2022-07-02,27,2,52,203,204,168,3.23076923076923,3.92307692307692,5,30.6452328,31,38.36640798
"14","T230",2022-02-23,42,1,0,0,0,0,0,0,6,44.23656,44,18.96505
"15","T230",2022-02-25,35,1,0,0,0,0,0,0,6,34.48656,35,24.73118
"16","T230",2022-02-27,44,1,0,0,0,0,0,0,6,46.6129,46,12.38172
"17","T230",2022-03-01,40,1,0,0,0,0,0,0,6,41.0914,41,13.24194
"18","T230",2022-03-03,27,1,0,0,0,0,0,0,6,27.46505,27.5,25
"19","T230",2022-05-24,40,3,0,0,0,0,0,0,4,38.49727,39,23.69809
"20","T230",2022-05-26,40,3,0,0,0,0,0,0,4,38.6694,39,24.19809
"21","T230",2022-05-28,40,3,0,0,0,0,0,0,4,38.60109,39.5,24.22268
"22","T230",2022-06-06,40,2,2,9,6,9,3,2,6,39.2935982,40.5,24.34492274
"23","T230",2022-06-08,35,2,0,0,0,0,0,0,6,33.4254967,34,35.40286976
"24","T230",2022-06-10,42,2,3,14,9,14,3.5,2.25,6,41.3907285,42.5,22.30905077
"25","T230",2022-06-12,27,2,2,6,5,6,2,1.66666666666667,6,30.9966887,31,35.25662252
"26","T230",2022-06-14,44,2,0,0,0,0,0,0,6,42.6244469,43.5,28.18086283
"27","T231",2022-02-13,42,1,15,57,45,55,3.66666666666667,3,2,42.79839,43,10.77151
"28","T231",2022-02-15,44,1,0,7,0,0,0,0,2,45.04301,45,8.75
"29","T231",2022-02-17,40,1,19,86,81,82,4.31578947368421,4.26315789473684,2,41.12903,41,16.53763
"30","T231",2022-02-19,27,1,9,24,21,24,2.4,2.1,2,27.24462,27,17.29032
"31","T231",2022-02-21,35,1,62,215,167,205,3.30645161290323,2.69354838709677,2,36.51075,36.5,12.65054
"32","T231",2022-05-05,40,3,3,14,14,15,5,4.66666666666667,2,39.03005,40.5,23.80055
"33","T231",2022-05-07,40,3,83,262,196,242,2.91566265060241,2.36144578313253,2,40.52869,41.5,21.61066
"34","T231",2022-05-09,40,3,10,35,24,30,3,2.4,2,39.40984,41,22.51503
"35","T231",2022-06-24,35,2,18,59,44,54,3,2.44444444444444,1,34.5242826,35,25.61865342
"36","T231",2022-06-26,44,2,11,46,34,39,3.54545454545455,3.09090909090909,1,43.0728477,44,19.23289183
"37","T231",2022-06-28,40,2,42,135,107,127,3.02380952380952,2.54761904761905,1,38.9359823,39.5,21.07671082
"38","T231",2022-06-30,42,2,49,176,147,177,3.61224489795918,3,1,41.5932671,42,19.00827815
"39","T231",2022-07-02,27,2,55,208,164,196,3.56363636363636,2.98181818181818,1,31.0380795,31,34.38631347
"40","T234",2022-02-03,42,1,0,0,0,0,0,0,2,43.04301,43,15.26882
"41","T234",2022-02-05,44,1,11,30,36,28,2.54545454545455,3.27272727272727,2,44.53226,45,9.360215
"42","T234",2022-02-07,27,1,7,34,36,26,3.71428571428571,5.14285714285714,2,27.15591,27,17.00538
"43","T234",2022-02-09,40,1,21,87,59,47,2.23809523809524,2.80952380952381,2,41.09677,41.5,10.77688
"44","T234",2022-02-11,35,1,14,52,54,43,3.07142857142857,3.85714285714286,2,36.1129,36,12.69892
"45","T234",2022-04-23,40,3,7,32,36,27,3.85714285714286,5.14285714285714,2,39.49727,41,22.79781
"46","T234",2022-04-25,40,3,8,31,29,25,3.125,3.625,2,39.34973,41,23.16257
"47","T234",2022-04-27,40,3,11,41,48,35,3.18181818181818,4.36363636363636,2,38.32787,40.5,17.74863
"48","T234",2022-06-23,44,2,9,36,36,28,3.11111111111111,4,2,42.5259382,44,22.06456954
"49","T234",2022-06-25,35,2,9,76,29,26,2.88888888888889,3.22222222222222,2,34.7880795,35,30.0700883
"50","T234",2022-06-27,42,2,14,61,76,54,3.85714285714286,5.42857142857143,2,41.7682119,43,22.4486755
"51","T234",2022-06-29,27,2,9,45,29,25,2.77777777777778,3.22222222222222,2,29.7826087,29.5,35.25027871
"52","T234",2022-07-01,40,2,21,76,64,58,2.76190476190476,3.04761904761905,2,39.3620309,40.5,24.96799117
"53","T235",2022-02-13,40,1,19,74,58,59,3.10526315789474,3.05263157894737,4,40.48925,40.5,10.00806
"54","T235",2022-02-15,35,1,3,10,7,9,3,2.33333333333333,4,34.28763,34.5,11.46505
"55","T235",2022-02-17,42,1,47,206,181,188,4,3.85106382978723,4,42.5,42.5,16.35484
"56","T235",2022-02-19,44,1,65,265,199,223,3.43076923076923,3.06153846153846,4,45.02451,45,9.519608
"57","T235",2022-02-21,27,1,74,327,254,294,3.97297297297297,3.43243243243243,4,26,26,19.01882
"58","T235",2022-05-05,40,3,16,81,64,70,4.375,4,4,38.79508,39.5,23.6612
"59","T235",2022-05-07,40,3,25,122,95,102,4.08,3.8,4,40.00546,40,21.61749
"60","T235",2022-05-09,40,3,7,38,21,20,2.85714285714286,3,4,38.96995,40,22.58333
"61","T235",2022-06-24,40,2,23,77,52,62,2.69565217391304,2.26086956521739,3,38.8636865,39.5,22.88134658
"62","T235",2022-06-26,27,2,126,425,326,384,3.02362204724409,2.56692913385827,3,30.7291667,31,36.2308114
"63","T235",2022-06-28,44,2,27,101,80,82,3.03703703703704,2.96296296296296,3,42.5469095,44,20.26655629
"64","T235",2022-06-30,35,2,57,223,165,167,2.92982456140351,2.89473684210526,3,33.8664459,34,29.19922737
"65","T235",2022-07-02,42,2,116,384,294,310,2.67241379310345,2.53448275862069,3,39.9740044,41,24.95022124
"66","T236",2022-01-24,40,1,21,90,63,82,3.9047619047619,3,4,NA,NA,NA
"67","T236",2022-01-26,35,1,50,187,135,166,3.32,2.7,4,34.35215,34.5,11.69892
"68","T236",2022-01-28,44,1,55,204,154,179,3.25454545454545,2.8,4,44.90323,45,11.10484
"69","T236",2022-01-30,27,1,37,126,99,111,3,2.67567567567568,4,25.90591,26,11.54032
"70","T236",2022-02-01,42,1,44,151,112,135,3.06818181818182,2.54545454545455,4,38.42473,38.5,10
"71","T236",2022-04-11,40,3,42,176,104,141,3.35714285714286,2.47619047619048,4,38.7035519,40,15.71721
"72","T236",2022-04-13,40,3,48,231,176,219,4.5625,3.66666666666667,4,38.6694,39.5,24.0929
"73","T236",2022-04-15,40,3,35,196,132,156,4.45714285714286,3.77142857142857,4,38.19399,39,21.26913
"74","T236",2022-06-06,27,2,43,198,166,189,4.3953488372093,3.86046511627907,4,26.1539735,26,41.71081678
"75","T236",2022-06-08,42,2,9,62,30,33,3.66666666666667,3.33333333333333,4,39.9845475,40.5,26.37251656
"76","T236",2022-06-10,44,2,9,48,35,38,4.22222222222222,3.88888888888889,4,41.2759382,42.5,22.04801325
"77","T236",2022-06-12,35,2,34,201,164,184,5.41176470588235,4.82352941176471,4,33.4111479,33.5,30.92660044
"78","T236",2022-06-14,40,2,36,225,179,210,5.83333333333333,4.97222222222222,4,38.2891832,38.5,32.61699779
"79","T237",2022-02-23,40,1,16,0,65,67,4.1875,4.0625,2,40.83333,41,20.37634
"80","T237",2022-02-25,44,1,19,0,67,74,3.89473684210526,3.52631578947368,2,45.16667,45.5,16.58871
"81","T237",2022-02-27,35,1,23,0,95,89,3.8695652173913,4.1304347826087,2,35.80376,36,17.84409
"82","T237",2022-03-01,27,1,36,0,115,118,3.27777777777778,3.19444444444444,2,27.31989,27.5,20.89785
"83","T237",2022-03-03,42,1,21,0,72,73,3.47619047619048,3.42857142857143,2,42.57527,43,13.85484
"84","T237",2022-05-24,40,3,40,180,137,156,3.9,3.425,2,38.41803,40,24.12432
"85","T237",2022-05-26,40,3,32,122,103,106,3.3125,3.21875,2,38.79098,40.5,25.56011
"86","T237",2022-05-28,40,3,33,128,127,124,3.75757575757576,3.84848484848485,2,38.02186,40,25.29918
"87","T237",2022-06-23,35,2,29,117,99,102,3.51724137931034,3.41379310344828,6,33.7372506,34,31.1075388
"88","T237",2022-06-25,42,2,20,86,78,71,3.55,3.9,6,40.4761905,41,24.94850498
"89","T237",2022-06-27,27,2,36,179,145,144,4,4.02777777777778,6,29.4619205,29.5,38.01821192
"90","T237",2022-06-29,44,2,16,92,75,76,4.75,4.6875,6,42.3411633,43,21.86577181
"91","T237",2022-07-01,40,2,39,151,138,149,3.82051282051282,3.53846153846154,6,38.2262693,38.5,26.44370861
"92","T243",2022-01-24,35,1,0,0,0,0,0,0,6,34.77419,35,14.30376
"93","T243",2022-01-26,44,1,6,35,27,31,5.16666666666667,4.5,6,44.76075,45,9.153226
"94","T243",2022-01-28,42,1,24,118,100,112,4.66666666666667,4.16666666666667,6,44.76075,45,9.153226
"95","T243",2022-01-30,40,1,37,197,154,165,4.45945945945946,4.16216216216216,6,41.29032,41,7.989247
"96","T243",2022-02-01,27,1,24,88,78,85,3.54166666666667,3.25,6,26.55108,26.5,16.5
"97","T243",2022-04-11,40,3,48,289,207,238,4.95833333333333,4.3125,6,38.75546448,40,16.43169
"98","T243",2022-04-13,40,3,54,292,238,267,4.94444444444444,4.40740740740741,6,38.47951,39.5,25.05874
"99","T243",2022-04-15,40,3,44,229,195,217,4.93181818181818,4.43181818181818,6,37.53415,39,22.84016
"100","T243",2022-07-12,40,2,27,138,113,127,4.7037037037037,4.18518518518519,2,39.3647903,40,24.3714128
"101","T243",2022-07-14,44,2,21,119,97,102,4.85714285714286,4.61904761904762,2,42.4873068,44,21.73565121
"102","T243",2022-07-16,42,2,50,207,159,172,3.44,3.18,2,41.25883,42.5,22.35761589
"103","T243",2022-07-18,35,2,14,90,56,58,4.14285714285714,4,2,34.0121413,34.5,29.93708609
"104","T243",2022-07-20,27,2,12,59,43,41,3.41666666666667,3.58333333333333,2,28.7450331,29,38.92384106
"105","T244",2022-02-03,42,1,14,62,55,61,4.06666666666667,3.66666666666667,6,42.61559,42.5,16.16667
"106","T244",2022-02-05,40,1,8,42,36,40,4.44444444444444,4,6,41.24731,41,10.04839
"107","T244",2022-02-07,35,1,8,38,31,35,3.88888888888889,3.44444444444444,6,35.35753,35.5,13.29839
"108","T244",2022-02-09,27,1,9,54,39,41,4.1,3.9,6,26.5,26.5,19.46774
"109","T244",2022-02-11,44,1,16,74,70,73,4.29411764705882,4.11764705882353,6,44.47312,44.5,10.56452
"110","T244",2022-04-23,40,3,12,55,46,53,4.41666666666667,3.83333333333333,4,NA,NA,NA
"111","T244",2022-04-25,40,3,27,114,99,110,4.07407407407407,3.66666666666667,4,39.21995,40,22.61202
"112","T244",2022-04-27,40,3,12,56,42,49,4.08333333333333,3.5,4,36.87158,38.5,18.93989
"113","T244",2022-06-23,44,2,18,68,59,66,3.66666666666667,3.27777777777778,4,41.0702434,42,22.43307522
"114","T244",2022-06-25,40,2,30,126,115,128,4.26666666666667,3.83333333333333,4,38.0557395,38.5,26.29359823
"115","T244",2022-06-27,35,2,18,98,67,77,4.05263157894737,3.52631578947368,4,33.6307947,34,30.51766004
"116","T244",2022-06-29,27,2,17,125,73,82,4.55555555555556,4.05555555555556,4,29.7254464,30,35.53348214
"117","T244",2022-07-01,42,2,16,81,72,81,4.76470588235294,4.23529411764706,4,39.6743929,40.5,24.13852097
"118","T246",2022-02-03,40,1,0,0,0,0,0,0,4,39.97043,40,16.90591
"119","T246",2022-02-05,27,1,0,0,0,0,0,0,4,25.70699,26,16.69086
"120","T246",2022-02-07,42,1,37,129,106,111,3,2.86486486486486,4,40.73118,40.5,10.74462
"121","T246",2022-02-09,44,1,23,76,66,69,3,2.8695652173913,4,45.64785,45.5,9.204301
"122","T246",2022-02-11,35,1,14,48,40,44,3.14285714285714,2.85714285714286,4,34.26882,34.5,13.70161
"123","T247",2022-01-24,44,1,6,30,23,23,3.83333333333333,3.83333333333333,2,45.32258,45.5,9.865591
"124","T247",2022-01-26,35,1,15,62,39,40,2.66666666666667,2.6,2,36,36,11.1371
"125","T247",2022-01-28,42,1,28,118,68,77,2.75,2.42857142857143,2,43.42204,43.5,10.53226
"126","T247",2022-01-30,27,1,48,162,123,129,2.6875,2.5625,2,27.1828,27,10.63978
"127","T247",2022-02-01,40,1,55,174,123,174,3.16363636363636,2.23636363636364,2,41.45699,41.5,9.422043
"128","T247",2022-04-11,40,3,13,70,52,54,4.15384615384615,4,2,39.467213,41.5,15.61475
"129","T247",2022-04-13,40,3,20,79,55,62,3.1,2.75,2,38.75956,40.5,24.4153
"130","T247",2022-04-15,40,3,18,80,61,70,3.88888888888889,3.38888888888889,2,39.06011,41,20.83607
"131","T247",2022-06-06,40,2,44,185,131,145,3.29545454545455,2.97727272727273,2,39.4045254,40.5,23.87969095
"132","T247",2022-06-08,42,2,32,120,88,98,3.0625,2.75,2,40.9321192,42.5,25.97406181
"133","T247",2022-06-10,35,2,16,117,66,74,4.625,4.125,2,34.5518764,35.5,28.36203091
"134","T247",2022-06-12,44,2,13,58,45,49,3.76923076923077,3.46153846153846,2,42.6594923,44,21.36699779
"135","T247",2022-06-14,27,2,30,112,92,100,3.33333333333333,3.06666666666667,2,31.9045254,32,41.81898455
"136","T247",2022-06-16,27,2,25,120,90,99,3.96,3.6,2,30.9961369,31,36.87748344
"137","T257",2022-07-11,27,2,47,176,122,99,2.1063829787234,2.59574468085106,1,31.2292359,31.5,30.86378738
"138","T257",2022-07-13,35,2,41,169,107,86,2.09756097560976,2.60975609756098,1,34.1230684,34,27.02041943
"139","T257",2022-07-15,42,2,84,317,243,190,2.26190476190476,2.89285714285714,1,41.4839956,42,19.44039735
"140","T257",2022-07-17,44,2,62,245,184,138,2.2258064516129,2.96774193548387,1,42.8068433,44,18.46357616
"141","T257",2022-07-19,40,2,73,253,206,161,2.20547945205479,2.82191780821918,1,38.8427152,39.5,25.66335541
"142","T258",2022-07-12,35,2,24,74,65,57,2.375,2.70833333333333,6,33.7229581,34,31.09988962
"143","T258",2022-07-14,40,2,14,45,43,35,2.5,3.07142857142857,6,39.1363135,39.5,25.17715232
"144","T258",2022-07-16,27,2,7,20,17,16,2.28571428571429,2.42857142857143,6,29.6451435,29.5,36.96743929
"145","T258",2022-07-18,42,2,11,32,32,25,2.27272727272727,2.90909090909091,6,40.6830752,41.5,23.80088496
"146","T258",2022-07-22,44,2,0,0,0,0,0,0,6,44.833333,45,21.0378
"147","T259",2022-07-12,35,2,1,7,3,3,3,3,4,33.2836645,33.5,30.63300221
"148","T259",2022-07-14,40,2,0,0,0,0,0,0,4,38.0077263,38.5,25.25883002
"149","T259",2022-07-16,42,2,0,0,0,0,0,0,4,40.2378587,41,22.95584989
"150","T259",2022-07-18,44,2,0,0,0,0,0,0,4,41.6434879,42.5,22.05684327
"151","T259",2022-07-20,27,2,5,18,13,11,2.2,2.6,4,29.0198675,29,38.24172185
"152","T260",2022-07-11,40,2,17,43,40,39,2.29411764705882,2.35294117647059,3,37.6434928,38.5,25.11067853
"153","T260",2022-07-13,35,2,24,74,60,60,2.5,2.5,3,33.8051876,34,29.94426049
"154","T260",2022-07-15,42,2,22,65,55,54,2.45454545454545,2.5,3,40.683223,42,22.82450331
"155","T260",2022-07-17,27,2,29,76,77,74,2.55172413793103,2.6551724137931,3,31.3636865,31.5,33.07119205
"156","T260",2022-07-19,44,2,61,198,131,143,2.34426229508197,2.14754098360656,3,40.9828918,42.5,23.11203091
