male,date,temp_target,round,total_songs,motif_count,average_motif,average_duration,average_song_rate,average_motif_rate,chamber,temp_mean,temp_median,humidity_mean
T229,2022-02-13,44,1,0,0,0,NA,NA,NA,6,45.84946,46,9.263441
T229,2022-02-15,42,1,7,24,3.142857142857143,3.7142857142857144,1.8846153846153846,0.8461538461538461,6,42.28226,42.5,9.849462
T229,2022-02-17,40,1,28,114,3.0357142857142856,3.6785714285714284,7.611650485436893,0.8252427184466019,6,40.65323,40.5,18.33065
T229,2022-02-19,27,1,50,198,3.1,3.44,14.534883720930234,0.9011627906976745,6,26.2043,26,19
T229,2022-02-21,35,1,83,315,2.7349397590361444,3.060240963855422,27.122047244094485,0.8937007874015747,6,34.90591,35,14.14247
T229,2022-05-05,40,3,20,95,3.1,30.700000000000003,0.6514657980456026,0.1009771986970684,6,39.19399,40,24.0847
T229,2022-05-07,40,3,48,158,3.083333333333333,2.291666666666667,20.945454545454542,1.3454545454545452,6,39.88934,40,22.70355
T229,2022-05-09,40,3,85,321,3.0823529411764707,NA,NA,NA,6,38.80191,40,23.50956
T229,2022-06-24,40,2,29,105,2.586206896551724,282.6896551724137,0.10258599658453284,0.00914857282263967,5,39.8807947,41,24.37030905
T229,2022-06-26,35,2,7,133,4,5.142857142857143,1.361111111111111,0.7777777777777777,5,36.082781,37,30.74337748
T229,2022-06-28,44,2,17,66,2.764705882352941,7,2.4285714285714284,0.3949579831932773,5,43.239514,45,21.88300221
T229,2022-06-30,42,2,29,101,2.7241379310344827,245.17241379310357,0.11828410689170177,0.011111111111111105,5,41.7671082,43.5,23.3200883
T229,2022-07-02,27,2,52,203,3.230769230769231,3.923076923076923,13.254901960784315,0.823529411764706,5,30.6452328,31,38.36640798
T230,2022-02-23,42,1,0,NA,0,NA,NA,NA,6,44.23656,44,18.96505
T230,2022-02-25,35,1,0,NA,0,NA,NA,NA,6,34.48656,35,24.73118
T230,2022-02-27,44,1,0,NA,0,NA,NA,NA,6,46.6129,46,12.38172
T230,2022-03-01,40,1,0,NA,0,NA,NA,NA,6,41.0914,41,13.24194
T230,2022-03-03,27,1,0,NA,0,NA,NA,NA,6,27.46505,27.5,25
T230,2022-05-24,40,3,0,0,0,NA,NA,NA,4,38.49727,39,23.69809
T230,2022-05-26,40,3,0,0,0,NA,NA,NA,4,38.6694,39,24.19809
T230,2022-05-28,40,3,0,0,0,NA,NA,NA,4,38.60109,39.5,24.22268
T230,2022-06-06,40,2,2,9,3,NA,NA,NA,6,39.2935982,40.5,24.34492274
T230,2022-06-08,35,2,0,0,0,NA,NA,NA,6,33.4254967,34,35.40286976
T230,2022-06-10,42,2,3,14,3.5,NA,NA,NA,6,41.3907285,42.5,22.30905077
T230,2022-06-12,27,2,2,6,2,NA,NA,NA,6,30.9966887,31,35.25662252
T230,2022-06-14,44,2,0,0,0,NA,NA,NA,6,42.6244469,43.5,28.18086283
T231,2022-02-13,42,1,15,57,3.6666666666666665,7,2.142857142857143,0.5238095238095238,2,42.79839,43,10.77151
T231,2022-02-15,44,1,0,7,0,NA,NA,NA,2,45.04301,45,8.75
T231,2022-02-17,40,1,19,86,4.315789473684211,4.2631578947368425,4.4567901234567895,1.0123456790123455,2,41.12903,41,16.53763
T231,2022-02-19,27,1,9,24,2.4,NA,NA,NA,2,27.24462,27,17.29032
T231,2022-02-21,35,1,62,215,3.306451612903226,2.693548387096774,23.017964071856287,1.227544910179641,2,36.51075,36.5,12.65054
T231,2022-05-07,40,3,83,262,2.9156626506024095,2,41.5,1.4578313253012047,2,40.52869,41.5,21.61066
T231,2022-05-09,40,3,10,35,3,2.4,4.166666666666667,1.25,2,39.40984,41,22.51503
T231,2022-06-24,35,2,18,59,3,-830.888888888889,-0.021663546402781488,-0.003610591067130248,1,34.5242826,35,25.61865342
T231,2022-06-26,44,2,11,46,3.5454545454545454,695.8181818181818,0.015808727462764568,0.00509537496733734,1,43.0728477,44,19.23289183
T231,2022-06-28,40,2,42,135,3.0238095238095237,-171.73809523809513,-0.244558436156939,-0.017607098294745608,1,38.9359823,39.5,21.07671082
T231,2022-06-30,42,2,49,176,3.612244897959184,-143.93877551020398,-0.34042251524174133,-0.025095703955763524,1,41.5932671,42,19.00827815
T231,2022-07-02,27,2,55,208,3.5636363636363635,286.61818181818177,0.1918929205785334,0.012433392539964477,1,31.0380795,31,34.38631347
T234,2022-02-03,42,1,0,0,0,NA,NA,NA,2,43.04301,43,15.26882
T234,2022-02-05,44,1,11,30,2.5454545454545454,3.272727272727273,3.3611111111111107,0.7777777777777777,2,44.53226,45,9.360215
T234,2022-02-07,27,1,7,34,3.7142857142857144,5.142857142857143,1.361111111111111,0.7222222222222222,2,27.15591,27,17.00538
T234,2022-02-09,40,1,21,87,2.238095238095238,2.3333333333333335,9,0.9591836734693877,2,41.09677,41.5,10.77688
T234,2022-02-11,35,1,14,52,3.0714285714285716,3.857142857142857,3.6296296296296298,0.7962962962962963,2,36.1129,36,12.69892
T234,2022-04-23,40,3,7,32,3.857142857142857,5.142857142857143,1.361111111111111,0.75,2,39.49727,41,22.79781
T234,2022-04-25,40,3,8,31,3.125,3.625,2.206896551724138,0.8620689655172413,2,39.34973,41,23.16257
T234,2022-04-27,40,3,11,41,3.1818181818181817,4.363636363636363,2.5208333333333335,0.7291666666666666,2,38.32787,40.5,17.74863
T234,2022-06-23,44,2,9,36,3.111111111111111,790.6666666666666,0.011382799325463743,0.0039347948285553686,2,42.5259382,44,22.06456954
T234,2022-06-25,35,2,9,76,2.888888888888889,3.2222222222222223,2.793103448275862,0.8965517241379309,2,34.7880795,35,30.0700883
T234,2022-06-27,42,2,14,61,3.857142857142857,112.57142857142857,0.12436548223350254,0.03426395939086294,2,41.7682119,43,22.4486755
T234,2022-06-29,27,2,9,45,2.7777777777777777,3.2222222222222223,2.793103448275862,0.8620689655172413,2,29.7826087,29.5,35.25027871
T234,2022-07-01,40,2,21,76,2.761904761904762,-8.380952380952383,-2.5056818181818175,-0.3295454545454545,2,39.3620309,40.5,24.96799117
T235,2022-02-13,40,1,19,74,3.1052631578947367,3.0526315789473686,6.224137931034482,1.0172413793103448,4,40.48925,40.5,10.00806
T235,2022-02-15,35,1,3,10,3,2.3333333333333335,1.2857142857142856,1.2857142857142856,4,34.28763,34.5,11.46505
T235,2022-02-17,42,1,47,206,4,3.8510638297872375,12.204419889502752,1.0386740331491704,4,42.5,42.5,16.35484
T235,2022-02-19,44,1,65,265,3.4307692307692306,3.0615384615384613,21.231155778894475,1.120603015075377,4,45.02451,45,9.519608
T235,2022-02-21,27,1,74,327,3.972972972972973,2.621621621621622,28.226804123711336,1.515463917525773,4,26,26,19.01882
T235,2022-05-05,40,3,15,81,4.333333333333333,3.8666666666666667,3.8793103448275863,1.1206896551724137,4,38.79508,39.5,23.6612
T235,2022-05-07,40,3,25,122,4.08,3.8,6.578947368421053,1.0736842105263158,4,40.00546,40,21.61749
T235,2022-05-09,40,3,7,38,2.857142857142857,3,2.3333333333333335,0.9523809523809524,4,38.96995,40,22.58333
T235,2022-06-24,40,2,23,77,2.6956521739130435,12.695652173912725,1.811643835616484,0.212328767123293,3,38.8636865,39.5,22.88134658
T235,2022-06-26,27,2,0,425,0,NA,NA,NA,3,30.7291667,31,36.2308114
T235,2022-06-28,44,2,27,101,3.037037037037037,2.962962962962963,9.1125,1.0250000000000001,3,42.5469095,44,20.26655629
T235,2022-06-30,35,2,57,223,2.9298245614035086,3.947368421052645,14.43999999999995,0.7422222222222196,3,33.8664459,34,29.19922737
T235,2022-07-02,42,2,116,384,2.6724137931034484,21.672413793103605,5.352426412092244,0.12330946698488376,3,39.9740044,41,24.95022124
T236,2022-01-24,40,1,21,90,3.9047619047619047,3,7,1.3015873015873016,4,NA,NA,NA
T236,2022-01-26,35,1,50,187,3.32,2.7,18.51851851851852,1.2296296296296294,4,34.35215,34.5,11.69892
T236,2022-01-28,44,1,55,204,3.254545454545455,2.8,19.642857142857142,1.1623376623376624,4,44.90323,45,11.10484
T236,2022-01-30,27,1,37,126,3,2.675675675675676,13.828282828282827,1.121212121212121,4,25.90591,26,11.54032
T236,2022-02-01,42,1,44,151,3.0681818181818183,2.5454545454545454,17.285714285714285,1.205357142857143,4,38.42473,38.5,10
T236,2022-04-11,40,3,42,176,3.3571428571428568,2.4761904761904763,16.96153846153846,1.3557692307692306,4,38.7035519,40,15.71721
T236,2022-04-13,40,3,48,231,4.5625,3.666666666666667,13.09090909090909,1.2443181818181817,4,38.6694,39.5,24.0929
T236,2022-04-15,40,3,35,196,4.457142857142857,3.7714285714285714,9.280303030303031,1.1818181818181819,4,38.19399,39,21.26913
T236,2022-06-06,27,2,43,198,4.395348837209303,-163.58139534883728,-0.2628660790446402,-0.026869491043502978,4,26.1539735,26,41.71081678
T236,2022-06-08,42,2,9,62,3.666666666666667,3.3333333333333335,2.6999999999999997,1.1,4,39.9845475,40.5,26.37251656
T236,2022-06-10,44,2,9,48,4.222222222222222,3.888888888888889,2.3142857142857145,1.0857142857142859,4,41.2759382,42.5,22.04801325
T236,2022-06-12,35,2,34,201,5.411764705882353,234.2352941176472,0.1451531893520843,0.02310396785534906,4,33.4111479,33.5,30.92660044
T236,2022-06-14,40,2,36,225,5.833333333333334,41.638888888888935,0.8645763842561698,0.14009339559706457,4,38.2891832,38.5,32.61699779
T237,2022-02-23,40,1,16,NA,4.1875,4.0625,3.9384615384615387,1.0307692307692307,2,40.83333,41,20.37634
T237,2022-02-25,44,1,19,NA,3.8947368421052633,3.526315789473684,5.388059701492537,1.1044776119402986,2,45.16667,45.5,16.58871
T237,2022-02-27,35,1,23,NA,3.869565217391304,4.130434782608695,5.568421052631579,0.9368421052631579,2,35.80376,36,17.84409
T237,2022-03-01,27,1,36,NA,3.2777777777777777,3.1944444444444446,11.269565217391303,1.026086956521739,2,27.31989,27.5,20.89785
T237,2022-03-03,42,1,21,NA,3.4761904761904763,3.4285714285714284,6.125,1.013888888888889,2,42.57527,43,13.85484
T237,2022-05-24,40,3,40,180,3.9,3.425,11.678832116788321,1.1386861313868613,2,38.41803,40,24.12432
T237,2022-05-26,40,3,32,122,3.3125,3.21875,9.941747572815533,1.029126213592233,2,38.79098,40.5,25.56011
T237,2022-05-28,40,3,33,128,3.757575757575758,3.8484848484848486,8.574803149606298,0.9763779527559056,2,38.02186,40,25.29918
T237,2022-06-23,35,2,29,117,3.5172413793103448,3.413793103448276,8.494949494949495,1.0303030303030303,6,33.7372506,34,31.1075388
T237,2022-06-25,42,2,20,86,3.55,3.9,5.128205128205129,0.9102564102564102,6,40.4761905,41,24.94850498
T237,2022-06-27,27,2,36,179,4,-205.97222222222211,-0.17478084962913024,-0.019420094403236693,6,29.4619205,29.5,38.01821192
T237,2022-06-29,44,2,16,92,4.75,-419.0625,-0.038180462341536166,-0.011334824757643549,6,42.3411633,43,21.86577181
T237,2022-07-01,40,2,39,151,3.8205128205128203,96.10256410256407,0.40581643543223067,0.03975453575240129,6,38.2262693,38.5,26.44370861
T243,2022-01-24,35,1,0,0,0,NA,NA,NA,6,34.77419,35,14.30376
T243,2022-01-26,44,1,6,35,5.166666666666667,4.5,1.3333333333333333,1.1481481481481481,6,44.76075,45,9.153226
T243,2022-01-28,42,1,24,118,4.666666666666667,4.166666666666667,5.76,1.1199999999999999,6,44.76075,45,9.153226
T243,2022-01-30,40,1,37,197,4.45945945945946,4.162162162162162,8.88961038961039,1.0714285714285714,6,41.29032,41,7.989247
T243,2022-02-01,27,1,24,88,3.5416666666666665,NA,NA,NA,6,26.55108,26.5,16.5
T243,2022-04-11,40,3,48,289,4.958333333333334,4.3125,11.130434782608695,1.1497584541062804,6,38.75546448,40,16.43169
T243,2022-04-13,40,3,54,292,4.944444444444445,5.703703703703704,9.467532467532466,0.8668831168831168,6,38.47951,39.5,25.05874
T243,2022-04-15,40,3,44,229,4.931818181818182,5.795454545454545,7.592156862745099,0.8509803921568628,6,37.53415,39,22.84016
T243,2022-07-12,40,2,27,138,4.703703703703704,4.185185185185185,6.451327433628319,1.1238938053097347,2,39.3647903,40,24.3714128
T243,2022-07-14,44,2,21,119,4.857142857142857,4.619047619047619,4.54639175257732,1.0515463917525774,2,42.4873068,44,21.73565121
T243,2022-07-16,42,2,50,207,3.44,41.580000000000034,1.2025012025012016,0.08273208273208266,2,41.25883,42.5,22.35761589
T243,2022-07-18,35,2,14,90,4.142857142857143,539.7142857142857,0.02593965060878772,0.0076760190577024896,2,34.0121413,34.5,29.93708609
T243,2022-07-20,27,2,12,59,3.416666666666667,-596.4166666666666,-0.020120162079083417,-0.0057286572586279175,2,28.7450331,29,38.92384106
T244,2022-02-03,42,1,14,62,4.066666666666666,NA,NA,NA,6,42.61559,42.5,16.16667
T244,2022-02-05,40,1,8,42,4.444444444444445,NA,NA,NA,6,41.24731,41,10.04839
T244,2022-02-07,35,1,8,38,3.888888888888889,NA,NA,NA,6,35.35753,35.5,13.29839
T244,2022-02-09,27,1,9,54,4.1,NA,NA,NA,6,26.5,26.5,19.46774
T244,2022-02-11,44,1,16,74,4.294117647058823,NA,NA,NA,6,44.47312,44.5,10.56452
T244,2022-04-23,40,3,12,55,4.416666666666667,3,4,1.4722222222222223,4,NA,NA,NA
T244,2022-04-25,40,3,27,114,4.074074074074074,3.6666666666666665,7.363636363636364,1.1111111111111112,4,39.21995,40,22.61202
T244,2022-04-27,40,3,12,56,4.083333333333333,3.5,3.4285714285714284,1.1666666666666665,4,36.87158,38.5,18.93989
T244,2022-06-23,44,2,18,68,3.6666666666666665,3.833333333333333,4.695652173913044,0.9565217391304348,4,41.0702434,42,22.43307522
T244,2022-06-25,40,2,30,126,4.266666666666667,-492.16666666666663,-0.06095496105655266,-0.008669150016931934,4,38.0557395,38.5,26.29359823
T244,2022-06-27,35,2,18,98,4.052631578947368,NA,NA,NA,4,33.6307947,34,30.51766004
T244,2022-06-29,27,2,17,125,4.555555555555555,NA,NA,NA,4,29.7254464,30,35.53348214
T244,2022-07-01,42,2,16,81,4.764705882352941,NA,NA,NA,4,39.6743929,40.5,24.13852097
T246,2022-02-03,40,1,0,0,0,NA,NA,NA,4,39.97043,40,16.90591
T246,2022-02-05,27,1,0,0,0,NA,NA,NA,4,25.70699,26,16.69086
T246,2022-02-07,42,1,37,129,3,2.864864864864865,12.915094339622641,1.0471698113207546,4,40.73118,40.5,10.74462
T246,2022-02-09,44,1,23,76,3,3.304347826086956,6.960526315789474,0.9078947368421054,4,45.64785,45.5,9.204301
T246,2022-02-11,35,1,14,48,3.142857142857143,2.857142857142857,4.8999999999999995,1.0999999999999999,4,34.26882,34.5,13.70161
T247,2022-01-24,44,1,6,30,3.833333333333333,3.833333333333333,1.565217391304348,1,2,45.32258,45.5,9.865591
T247,2022-01-26,35,1,15,62,2.6666666666666665,2.6,5.769230769230769,1.0256410256410255,2,36,36,11.1371
T247,2022-01-28,42,1,28,118,2.75,2.4285714285714284,11.529411764705884,1.1323529411764708,2,43.42204,43.5,10.53226
T247,2022-01-30,27,1,48,162,2.6875,2.5625,18.73170731707317,1.048780487804878,2,27.1828,27,10.63978
T247,2022-02-01,40,1,54,174,2.4444444444444446,2.462962962962963,21.924812030075188,0.992481203007519,2,41.45699,41.5,9.422043
T247,2022-04-11,40,3,13,70,4.153846153846154,4,3.25,1.0384615384615385,2,39.467213,41.5,15.61475
T247,2022-04-13,40,3,20,79,3.1,2.75,7.2727272727272725,1.1272727272727272,2,38.75956,40.5,24.4153
T247,2022-04-15,40,3,18,80,3.888888888888889,3.388888888888889,5.311475409836065,1.1475409836065573,2,39.06011,41,20.83607
T247,2022-06-06,40,2,44,185,3.2954545454545454,NA,NA,NA,2,39.4045254,40.5,23.87969095
T247,2022-06-08,42,2,32,120,3.0625,-53.5,-0.5981308411214953,-0.05724299065420561,2,40.9321192,42.5,25.97406181
T247,2022-06-10,35,2,16,117,4.625,41.625,0.3843843843843844,0.1111111111111111,2,34.5518764,35.5,28.36203091
T247,2022-06-12,44,2,13,58,3.769230769230769,178.84615384615344,0.07268817204301092,0.021075268817204347,2,42.6594923,44,21.36699779
T247,2022-06-14,27,2,30,112,3.333333333333333,-256.9333333333333,-0.11676180591593152,-0.012973533990659057,2,31.9045254,32,41.81898455
T247,2022-06-16,27,2,25,120,3.96,337.20000000000005,0.07413997627520758,0.01174377224199288,2,30.9961369,31,36.87748344
T257,2022-07-11,27,2,47,176,2.106382978723404,347.27659574468083,0.13533880651880897,0.006065433157701262,1,31.2292359,31.5,30.86378738
T257,2022-07-13,35,2,41,169,2.097560975609756,-192.02439024390242,-0.21351454337609554,-0.010923409119776453,1,34.1230684,34,27.02041943
T257,2022-07-15,42,2,84,317,2.261904761904762,0.75,112,3.015873015873016,1,41.4839956,42,19.44039735
T257,2022-07-17,44,2,62,245,2.225806451612903,-11.709677419354746,-5.294765840220427,-0.19008264462810068,1,42.8068433,44,18.46357616
T257,2022-07-19,40,2,73,253,2.2054794520547945,-1.8356164383562743,-39.76865671641553,-1.201492537313361,1,38.8427152,39.5,25.66335541
T258,2022-07-12,35,2,24,74,2.375,2.291666666666667,10.472727272727271,1.0363636363636362,6,33.7229581,34,31.09988962
T258,2022-07-14,40,2,14,45,2.5,3.0714285714285716,4.558139534883721,0.813953488372093,6,39.1363135,39.5,25.17715232
T258,2022-07-16,27,2,7,20,2.2857142857142856,-1231.857142857143,-0.0056824770961382345,-0.0018555027252696275,6,29.6451435,29.5,36.96743929
T258,2022-07-18,42,2,11,32,2.272727272727273,-40.72727272727289,-0.27008928571428464,-0.05580357142857121,6,40.6830752,41.5,23.80088496
T258,2022-07-22,44,2,0,0,0,NA,NA,NA,6,44.833333,45,21.0378
T259,2022-07-12,35,2,1,7,3,3,0.3333333333333333,1,4,33.2836645,33.5,30.63300221
T259,2022-07-14,40,2,0,0,0,NA,NA,NA,4,38.0077263,38.5,25.25883002
T259,2022-07-16,42,2,0,0,0,NA,NA,NA,4,40.2378587,41,22.95584989
T259,2022-07-18,44,2,0,0,0,NA,NA,NA,4,41.6434879,42.5,22.05684327
T259,2022-07-20,27,2,5,18,2.2,2.6,1.923076923076923,0.8461538461538461,4,29.0198675,29,38.24172185
T260,2022-07-11,40,2,17,43,2.2941176470588234,-452.9411764705882,-0.037532467532467535,-0.005064935064935066,3,37.6434928,38.5,25.11067853
T260,2022-07-13,35,2,24,74,2.5,2.5,9.6,1,3,33.805187599999996,34,29.94426049
T260,2022-07-15,42,2,22,65,2.4545454545454546,-0.2272727272727085,-96.800000000008,-10.800000000000892,3,40.683223,42,22.82450331
T260,2022-07-17,27,2,29,76,2.5517241379310347,-249.75862068965523,-0.11611210824244095,-0.010216761010630952,3,31.3636865,31.5,33.07119205
T260,2022-07-19,44,2,61,198,2.3442622950819674,577.5573770491802,0.10561721211433114,0.004058925378218048,3,40.9828918,42.5,23.11203091
T231,2022-05-05,40,3,NA,14,NA,NA,NA,NA,2,39.03005,40.5,23.80055
